Tornado Name,Tornado Date (Zulu),Begin Time (Zulu),End Time (Zulu),EF Rating,Max Wind (mph),Path Width (Yards),Path Length (Miles),Begin Lat,Begn Lon,End Lat,End Lon,Max Damage Tag During Tornado,Storm Type,Completed and QC'd?,Initials
White Lake,3/9/2011,13:20,13:23,EF1,90,90,1.22,31.0571,-88.5748,31.0656,-88.5568,,,,
Grand Bay,3/9/2011,14:31,14:32,EF1,100,80,0.2362,30.5475,-88.3713,30.5485,-88.3675,,,,
Theodore,3/9/2011,14:40,14:41,EF2,135,100,0.9393,30.5607,-88.2169,30.5679,-88.204,,,,
Silverhill,3/9/2011,15:14,15:17,EF2,130,350,1.6646,30.5355,-87.7596,30.5529,-87.7408,,,,
McDavid,3/9/2011,15:27,15:28,EF1,105,130,0.5922,30.8699,-87.3274,30.8657,-87.3188,,,,
Pace,3/9/2011,16:08,16:09,EF0,85,50,0.0688,30.6215,-87.1146,30.6208,-87.1138,,,,
Avera,4/5/2011,00:44,01:06,EF1,105,100,19.5007,31.2665,-88.8278,31.2938,-88.5005,,,,
Melvin,4/15/2011,16:11,16:12,EF0,80,50,0.6679,31.9272,-88.469,31.9319,-88.459,,,,
Carlton,4/15/2011,16:20,16:27,EF1,100,500,3.2927,31.3645,-87.8856,31.3955,-87.8435,,,,
Water Valley,4/15/2011,16:26,16:36,EF0,80,100,4.65,31.8812,-88.4202,31.9263,-88.3613,,,,
State Line,4/15/2011,16:40,16:49,EF1,100,200,5.14,31.4287,-88.473,31.4726,-88.4033,,,,
Morgan Chapel,4/15/2011,16:50,17:13,EF1,100,350,12.1054,32.0075,-88.2296,32.0825,-88.0464,,,,
Yarbo,4/15/2011,17:04,17:15,EF2,130,150,4.6373,31.546,-88.2865,31.5764,-88.2187,,,,
Kalem,4/15/2011,20:06,20:16,EF1,110,720,7.8641,31.6831,-87.2297,31.7272,-87.1107,,,,
Hinton,4/15/2011,21:15,21:16,EF1,95,130,0.9097,32.1049,-88.4468,32.108,-88.4317,,,,
Lisman,4/15/2011,21:34,21:36,EF1,100,110,1.4373,32.1499,-88.2976,32.1543,-88.2737,,,,
Robjohn,4/15/2011,21:48,21:53,EF1,95,300,2.5762,32.1911,-88.1701,32.2022,-88.1286,,,,
Tunnel Springs 1,4/15/2011,22:06,22:08,EF1,110,160,1.6038,31.6141,-87.2889,31.626,-87.2661,,,,
Tunnel Springs 2,4/15/2011,22:11,22:13,EF2,125,150,1.2534,31.6239,-87.2578,31.6388,-87.2469,,,,
Old Texas,4/15/2011,22:29,22:44,EF3,155,500,9.9245,31.7155,-87.1007,31.7845,-86.9549,,,,
Forest Home,4/15/2011,23:03,23:08,EF1,110,100,2.9983,31.8784,-86.8102,31.9066,-86.7731,,,,
Red Springs,4/15/2011,23:12,23:36,EF3,160,1000,18.2703,32.0073,-88.3334,32.0893,-88.0445,,,,
Mount Sterling,4/15/2011,23:28,23:29,EF1,100,350,1.3489,32.0577,-88.1372,32.0763,-88.1411,,,,
Butler,4/15/2011,23:54,23:55,EF1,100,150,1.4724,32.0554,-88.2784,32.0626,-88.2551,,,,
Leakesville,4/16/2011,00:46,01:17,EF3,160,500,19.9822,31.13,-88.6341,31.212,-88.321,,,,
Gainestown,4/16/2011,02:22,02:29,EF2,130,200,3.5728,31.477,-87.6902,31.4947,-87.6338,,,,
Citronelle,4/16/2011,03:05,03:07,EF0,85,50,1.25,31.0961,-88.2532,31.097,-88.2321,,,,
Turnbull 2,4/16/2011,03:20,03:27,EF2,132,350,4.8945,31.6994,-87.1826,31.7331,-87.1103,,,,
Globe Creek,4/16/2011,03:41,03:44,EF1,95,200,1.9147,31.119,-87.8793,31.1265,-87.8482,,,,
Greenville,4/16/2011,04:04,04:13,EF2,115,500,5.4225,31.898,-86.6725,31.8576,-86.7496,,,,
Appleton,4/16/2011,04:41,04:56,EF2,128,670,10.6056,31.2688,-87.0198,31.2143,-87.1799,,,,
Damascus,4/16/2011,05:05,05:45,EF2,130,640,26.547,31.2011,-86.9094,31.278,-86.4795,,,,
Yantley,4/28/2011,00:11,00:55,EF3,152,1200,28.6168,32.2176,-88.4326,32.3102,-87.9506,,,,
Dauphin Island,9/3/2011,18:00,18:01,EFU,-99,-99,0.1624,30.2483,-88.2003,30.2506,-88.2005,,,,
Mon Louis,9/4/2011,06:00,06:04,EF1,90,100,1.9891,30.4525,-88.1099,30.4771,-88.1271,,,,
Perdido,9/4/2011,08:07,08:24,EF1,90,50,7.4057,30.2961,-87.4292,30.4013,-87.4541,,,,
Crestview,9/4/2011,10:12,10:13,EF0,75,40,0.791,30.7229,-86.5582,30.7337,-86.5536,,,,
Ten Mile,9/5/2011,00:06,00:22,EF1,100,100,8.8053,30.7672,-89.164,30.8946,-89.165,,,,
Midway,11/16/2011,14:59,15:04,EF1,90,550,2.0658,31.8631,-87.8377,31.873,-87.8048,,,,
Isney,1/26/2012,15:35,15:37,EF0,76,80,0.3877,31.7617,-88.417,31.7668,-88.4141,,,,
Pleasant Grove,5/13/2012,00:32,00:46,EF0,75,20,3.1434,30.3136,-87.3482,30.3585,-87.3388,,,,
Toxey,8/30/2012,15:59,16:05,EF2,115,500,4.5257,31.899,-88.2832,31.9643,-88.2788,,,,
McHenry,9/30/2012,21:17,21:25,EF1,110,275,2.5995,30.7098,-89.1557,30.7353,-89.1235,,,,
Mobile,12/20/2012,10:52,11:03,EF1,110,100,6.9311,30.6654,-88.1404,30.7447,-88.0708,,,,
Hawthorne,12/25/2012,21:45,22:32,EF2,127,200,29.7882,30.8404,-89.3409,31.1161,-88.8209,,,,
Luverne,12/25/2012,22:22,22:35,EF1,100,100,6.2961,31.7168,-86.2722,31.7976,-86.2263,,,,
Rock Springs,12/25/2012,22:49,22:59,EF2,120,950,6.9152,32.0573,-88.3536,32.1303,-88.276,,,,
Mobile,12/25/2012,22:56,23:09,EF2,132,350,8.3525,30.6636,-88.0892,30.7778,-88.049,,,,
Wimbly,12/25/2012,23:17,23:21,EF1,90,250,2.9218,31.921,-88.2537,31.9491,-88.2184,,,,
Pelham,12/25/2012,23:17,23:23,EF2,115,800,4.9891,32.2432,-88.149,32.3012,-88.1014,,,,
Deer Park,12/25/2012,23:59,00:04,EF1,100,110,2.8406,31.1945,-88.3176,31.2148,-88.2766,,,,
Toddtown,12/26/2012,00:03,00:41,EF2,128,550,38.2771,31.6146,-87.8707,31.9609,-87.3762,,,,
Wilmer,12/26/2012,01:21,01:27,EF1,105,100,7.1216,30.7914,-88.4202,30.8292,-88.3092,,,,
Furman,12/26/2012,02:04,02:08,EF2,115,600,3.8609,32.0196,-86.9125,32.0481,-86.8565,,,,
Appleton,12/26/2012,03:09,03:11,EF1,95,30,1.4139,31.2239,-87.1345,31.2313,-87.1124,,,,
Robinsons Junction,1/13/2013,23:39,23:46,EF1,110,400,3.0773,31.5893,-88.5267,31.6231,-88.495,,,,
Bigbee,2/10/2013,23:00,23:15,EF1,108,850,11.3525,31.5408,-88.1593,31.6,-87.9836,,,,
McVay,2/10/2013,23:19,23:20,EF1,100,55,1.0855,31.6157,-87.9328,31.6193,-87.9151,,,,
Toddtown,2/10/2013,23:26,23:30,EF1,90,250,3.2213,31.6164,-87.8582,31.6445,-87.8156,,,,
Runnelstown,2/10/2013,23:34,23:36,EF1,88,100,1.53,31.3646,-89.1462,31.3693,-89.121,,,,
Hollis Creek,2/11/2013,00:45,00:51,EF1,110,850,4.3181,31.531,-88.8965,31.5451,-88.8264,,,,
Clara,2/11/2013,00:56,01:05,EF1,104,500,6.7555,31.5521,-88.7737,31.5786,-88.6662,,,,
Denham,2/11/2013,01:14,01:20,EF1,104,250,3.1592,31.6266,-88.5411,31.6418,-88.4911,,,,
Clarksville,2/11/2013,02:22,02:25,EF1,100,200,2.7845,31.7113,-87.9076,31.738,-87.8726,,,,
Laurendine,4/11/2013,22:29,22:30,EF1,90,75,0.8056,30.5131,-88.1457,30.5182,-88.1336,,,,
Seminole,7/5/2013,18:48,18:49,EF0,70,40,0.2776,30.4661,-86.4311,30.47,-86.43,,,,
Oak Drive,7/22/2013,22:16,22:17,EF0,80,30,0.0447,30.3877,-86.9912,30.3871,-86.9908,,,,
Evergreen,4/7/2014,11:50,11:51,EF0,85,30,0.7559,31.4283,-86.9458,31.4358,-86.9374,,,,
Lightsey,4/29/2014,02:53,03:04,EF1,110,200,7.7254,31.7654,-88.9433,31.7433,-88.8167,,,,
West King,4/29/2014,03:11,03:26,EF2,120,850,9.7415,31.7631,-88.7442,31.817,-88.6023,,,,
Simmons Creek Road,4/29/2014,05:14,05:15,EF1,105,50,1.1457,31.5747,-87.7655,31.5821,-87.7481,,,,
Fellowship Road,4/29/2014,05:38,05:40,EF2,115,500,1.4428,31.6907,-87.5616,31.7064,-87.5516,,,,
Leakesville,11/17/2014,06:49,06:54,EF1,90,50,2.2353,31.2305,-88.5449,31.2384,-88.5083,,,,
Rutan,11/17/2014,07:36,08:11,EF1,105,300,23.3313,31.4322,-88.1726,31.6264,-87.8543,,,,
Georgiana,11/17/2014,09:59,10:11,EF1,95,150,9.0684,31.6043,-86.7593,31.6595,-86.6261,,,,
Moody Crossroads,11/17/2014,10:27,10:45,EF1,96,500,16.75,31.737,-86.4309,31.8436,-86.185,,,,
Tunnel Springs,1/3/2015,22:49,22:53,EF2,115,200,3.293,31.6209,-87.1998,31.6571,-87.1649,,,,
Leon,1/4/2015,09:11,09:35,EF2,120,130,14.4378,31.5696,-86.3755,31.7151,-86.2012,,,,
Mauvilla,11/1/2015,00:29,00:30,EF1,90,110,0.1562,30.8197,-88.2048,30.8219,-88.2047,,,,
Pascagoula River,10/31/2015,23:26,23:27,EF1,90,350,0.2757,30.7475,-88.6683,30.7489,-88.664,,,,
Wallace,12/28/2015,14:23,14:30,EF1,110,150,4.8174,30.7067,-87.2541,30.7741,-87.2348,,,,
Strengthford,10/31/2015,22:05,22:06,EF0,75,50,0.00530651,31.6184,-88.8729,31.6185,-88.8728,,,,
Dawes,2/3/2016,10:12,10:20,EF0,80,30,7.0794,30.5857,-88.2708,30.6143,-88.1572,,,,
Dyas,1/22/2016,04:47,04:53,EF1,110,230,4.3197,30.9637,-87.7197,31.0032,-87.6644,,,,
Lenox,1/22/2016,05:30,05:35,EF2,115,230,4.9402,31.3524,-87.2141,31.3913,-87.1459,,,,
Bluff Springs,2/15/2016,21:32,21:56,EF3,152,500,16.6745,30.8704,-87.3809,31.0405,-87.1865,,,,
Brooklyn,2/15/2016,22:29,22:43,EF2,128,550,8.2275,31.2399,-86.8659,31.3285,-86.7792,,,,
Red Level,2/15/2016,22:58,23:06,EF2,128,340,5.4161,31.4469,-86.6257,31.5136,-86.5786,,,,
Heath,2/15/2016,23:40,23:41,EF1,100,230,1.5522,31.3742,-86.4625,31.3828,-86.4385,,,,
Five Points,2/15/2016,23:49,23:51,EF1,100,65,1.7007,31.4226,-86.3152,31.4314,-86.2887,,,,
Eglin AFB Ponds,2/15/2016,23:56,23:57,EF0,85,60,1.0426,30.6379,-86.4086,30.634,-86.392,,,,
Texas,2/23/2016,22:32,22:35,EF1,90,40,1.9697,30.8874,-89.3264,30.899,-89.296,,,,
Avera,2/23/2016,23:26,23:39,EF2,115,250,10.2964,31.2627,-88.7064,31.3583,-88.5774,,,,
State Line,2/23/2016,23:48,23:52,EF1,105,150,2.2006,31.4313,-88.5348,31.4483,-88.5038,,,,
Bradley,3/4/2016,00:32,00:37,EF1,95,175,3.4068,31.0405,-86.7792,31.0336,-86.7226,,,,
Lockhart,3/3/2016,01:00,01:01,EF1,90,100,0.1942,31.0259,-86.4063,31.0257,-86.4031,,,,
Destin,11/30/2016,17:39,17:42,EF0,75,30,1.335,30.3796,-86.404,30.3986,-86.3997,,,,
McKenzie,3/24/2016,19:30,19:32,EF0,83,50,0.3833,31.529,-86.7244,31.5313,-86.7185,,,,
Mary Esther,11/30/2016,16:38,16:40,EF0,80,175,0.77,30.4106,-86.6812,30.4176,-86.6713,,,,